Chỉ số,Facebook,Twitter
Mean,-0.019494999999999995,0.01871444444444444
Std,0.5839745850420205,0.5869353055511903
Median,-0.006500000000000001,0.046
Min,-0.991,-0.99
Max,0.999,0.999
